Periodo ,ANTIOQUIA,BOGOTA DC,BOYACÁ,CALDAS,CAUCA,CUNDINAMARCA,NARIÑO,QUINDÍO,RISARALDA,VALLE DEL CAUCA,REGIÓN 1,ARAUCA,ATLÁNTICO,BOLÍVAR,CAQUETÁ,CASANARE,CESÁR,CÓRDOBA,GUAVIARE,HUILA,LA GUAJIRA,MAGDALENA,META,NORTE DE SANTANDER,PUTUMAYO,SANTANDER,SUCRE,TOLIMA,REGIÓN 2,NACIONAL
Jan-08,73609498.60,,18843690.39,4785911.00,892856.00,70912463.96,9625806.00,3311389.40,940720.00,3063868.00,185986203.35,147700.00,4233618.80,3845169.88,8608068.00,49046.00,18686944.79,7130218.62,,628525.87,128624.00,5558661.00,730748.17,706260.00,,4869626.00,4193876.12,332238.82,59849326.08,245835529.43
Feb-08,63957645.89,,17406274.19,4737965.12,962645.00,56688151.32,9052061.00,2906306.00,894797.79,2867952.00,159473798.31,143534.00,2335522.00,3683381.96,9162970.00,41217.00,16610122.00,5389181.80,,586154.00,36745.00,7061578.00,1028574.71,737257.00,,4726962.07,1692086.87,346643.00,53581929.40,213055727.70
Mar-08,66905147.00,,16962408.50,5141336.00,1069200.79,61147052.85,8395971.26,2867567.00,721153.19,2871435.24,166081271.84,134710.49,2351029.00,4096516.41,8813814.00,48195.00,16119151.01,4884557.62,,745951.58,38585.00,5410610.57,945660.73,1021440.00,,4933623.23,1540658.50,388297.30,51472800.44,217554072.27
Apr-08,67383870.97,,17853955.43,5034305.37,1046277.00,60080395.52,9251721.00,2809110.00,1067877.10,3048632.40,167576144.80,141422.09,1998343.03,4407239.45,9553906.00,46254.00,17680543.84,4812516.52,,785776.84,29278.74,6206853.99,865938.35,1089897.00,,5157410.62,1670636.43,462102.72,54908119.62,222484264.43
May-08,79123350.00,,16181284.00,5213326.00,1122881.00,59242112.00,8503584.00,2997985.00,1008957.00,2596959.00,175990438.00,116746.00,3236798.00,5278693.00,8882285.00,48493.00,21861484.00,7471203.00,,654183.00,48107.00,6374235.00,1020885.00,1204067.00,,4040982.00,2037721.00,399348.00,62675230.00,238665668.00
Jun-08,66736756.95,,18538776.84,4945978.84,1095608.00,62783396.78,8884726.00,2902791.00,947222.00,2985070.39,169820326.80,162454.96,3214440.12,5380215.23,8164169.71,18930.00,26583199.35,8375073.67,,689908.00,59801.00,7943949.67,908863.88,1175519.00,,5416043.42,2437736.50,660749.55,71191054.06,241011380.85
Jul-08,67672960.88,,19325822.07,4738868.42,1127330.00,62097887.30,9094165.00,2997245.00,863489.00,3091068.98,171008836.65,151584.70,3869943.82,5200724.77,7588979.00,18883.00,26978872.89,8777095.06,,764557.16,165449.70,7991714.00,928025.49,1342883.00,,5431039.18,2921081.67,636742.44,72767575.87,243776412.52
Aug-08,77574090.86,,19341161.00,4828351.00,1233870.00,63417461.54,8683349.00,3449614.00,969508.00,3297525.92,182794931.32,128715.00,3912441.49,4712809.50,6257818.00,15773.00,26035464.00,9108029.46,,1233061.00,57161.17,7441745.97,1470079.16,1238646.00,,5292461.05,3285273.68,591500.00,70780978.48,253575909.81
Sep-08,62399349.00,,20722673.00,4325502.00,1171302.00,58516663.00,8478832.00,2737975.00,899774.00,3224802.00,162476872.00,152585.00,3832000.00,3932990.00,6475818.00,18883.00,23682020.00,6788223.00,,910540.00,46115.00,6757698.00,928025.00,1308521.00,,4564259.00,3080152.00,555719.00,63033548.00,225510420.00
Oct-08,72104332.43,,17816142.57,5331264.00,1134684.00,58836130.89,8389381.70,3189092.00,926166.00,3541696.00,171268889.59,100246.00,3542433.00,3963617.00,5944248.41,14767.00,21424479.11,7275607.93,,1025222.00,45607.00,6349214.40,825999.00,1235374.00,,4037277.00,2523169.37,431444.08,58738705.30,230007594.90
Nov-08,59068633.00,,19102380.79,4032535.00,1120594.00,59291871.40,8049075.00,2522703.00,761098.56,3251351.43,157200242.19,151553.25,2754688.00,4203767.21,6314337.14,12487.00,19818333.16,5899301.00,,1465812.00,41939.00,5496795.08,1086535.53,1138822.00,,4084335.35,2655188.19,485489.64,55609383.55,212809625.74
Dec-08,64381897.00,,17506363.26,4390552.18,1086086.00,56828556.13,8525550.00,2575578.00,869131.00,3153461.00,159317174.58,92231.00,3244517.00,3679903.00,6965154.00,7060.00,17696047.00,6366584.00,,1169676.00,39211.00,4899197.26,951006.00,1091707.00,,3495598.00,2227189.00,375142.70,52300222.96,211617397.54
Jan-09,68355379.14,,18917212.00,4478599.12,1169631.00,58391682.99,8435587.60,2894373.00,773758.00,3776375.19,167192598.04,104242.00,2866787.73,3073925.50,7421422.00,6525.00,16220288.00,6381661.31,,1215878.00,43510.00,4219186.16,1382300.49,1212166.00,,4197458.00,2294601.55,489364.42,51129316.17,218321914.21
Feb-09,61482223.45,,15754418.00,4238668.00,1091057.22,51286030.28,7562386.00,2689161.00,732936.00,3297705.79,148134585.74,102270.00,2046532.49,2690249.43,8036761.00,6617.00,15903335.00,5210255.99,,1247266.00,36167.00,3663996.57,1478548.37,1179544.00,,5128696.41,1951828.22,471819.95,49153887.41,197288473.15
Mar-09,64846224.21,,16877386.86,4549362.20,1194876.00,56733813.21,8347366.00,2660396.00,864418.00,3550519.49,159624361.96,96602.00,2221772.99,2952786.17,5979726.47,7915.00,14885247.49,5141842.71,,1555408.22,35910.00,4168228.74,1384279.94,1307196.00,,4767460.21,1855296.21,468972.24,46828644.39,206453006.35
Apr-09,75535315.80,,16953130.00,4566313.00,1134581.00,62391787.00,7162172.00,3248015.82,833440.00,3132793.00,174957547.62,131001.00,2402997.00,2748716.55,6904329.84,9855.00,16688611.54,6380701.32,,1453168.00,33807.10,5080954.59,1979811.83,1229595.00,,4393293.04,2065001.12,487152.71,51988995.66,226946543.28
May-09,64528295.53,,17466787.01,4736250.00,1262639.00,63341197.87,7424835.51,2579613.00,862704.00,3392539.73,165594861.65,105332.00,2601758.60,4439909.90,6677232.13,12807.00,18529399.45,7063323.66,,1346991.00,98976.00,6293485.26,1733593.23,1288528.00,,4200699.98,2191625.48,516976.17,57100637.86,222695499.51
Jun-09,62355023.07,,16254260.19,4681589.23,1161204.82,61932207.72,7214079.48,2637645.20,810901.00,3352413.59,160399324.31,107139.00,2985560.69,4550933.34,5474244.63,11571.00,17658513.41,7587593.50,,1163817.00,95174.00,6452441.93,1655520.49,1212662.00,,4345459.33,2802369.80,532185.60,56635185.72,217034510.02
Jul-09,73038218.16,,16330466.51,4711774.00,1175933.13,64110694.32,7629096.04,3275883.38,861351.00,3368769.00,174502185.54,114306.00,3125865.71,4926683.54,5025588.84,10371.00,18175600.25,8451370.19,,1305519.00,155973.00,6889909.11,1505602.92,1263313.00,,4074405.30,3274143.33,462688.91,58761340.11,233263525.65
Aug-09,61534469.08,,15983483.28,4634984.00,1139542.33,61190079.90,7735122.65,2759303.01,862307.00,3296368.96,159135660.21,120166.78,2893196.98,5054114.12,4567537.52,8557.00,19526470.57,6833889.95,,1060564.00,59045.83,6547206.09,2139848.09,1233745.35,,4382228.61,4122167.80,407203.15,58955941.83,218091602.04
Sep-09,59869629.51,,15379703.70,4896936.75,1047161.40,60609571.22,7260109.30,2715737.98,819574.00,3156487.55,155754911.40,121263.24,3193157.08,4549878.27,5553467.23,7920.00,18985144.28,6545299.62,,835756.00,47784.00,6307318.42,2028550.47,1145855.00,,3769436.00,3495562.05,415794.19,57002185.87,212757097.27
Oct-09,70211078.46,,15574301.00,4922481.98,1012137.00,62792027.51,7295207.00,3300247.18,878594.00,3123543.53,169109617.66,107221.00,3440469.51,4580470.98,5443438.00,7917.00,17903832.53,7354678.97,,717245.00,48327.52,6099451.44,2065750.92,1112182.00,,4499459.30,2934505.00,427068.49,56742017.65,225851635.31
Nov-09,59266403.49,,15698701.20,4598601.70,1066409.00,58044322.78,6837859.60,2737342.33,879400.00,3122084.31,152251124.41,166294.03,3148568.40,4312328.94,5138525.00,6026.00,16094406.00,6200975.26,,727294.00,40685.00,5625022.19,1730332.30,1057536.00,,4213480.05,2495487.50,433525.91,51390486.57,203641610.99
Dec-09,68046190.50,,17457535.10,5054061.80,1109873.70,65364976.82,7096503.00,3101691.47,974650.00,2960939.06,171166421.45,178134.61,2879871.87,3665729.51,5833444.00,6340.00,13974765.00,6560216.76,,794319.00,36693.00,5150974.18,1900102.48,1088999.00,,4128477.90,2314993.00,439208.55,48952268.87,220118690.32
Jan-10,68849863.00,,14558191.00,5024173.89,1159499.80,59215101.52,7157516.78,3138603.01,951392.92,3356405.15,163410747.07,88643.26,2573743.47,2968875.41,4942404.67,4692.00,11729769.12,5809609.09,,790466.59,35104.00,4394075.92,1770890.96,1101498.37,,4088901.40,1941637.93,408907.99,42649220.19,206059967.26
Feb-10,61135947.00,,12717357.50,4585041.00,1483025.00,50880605.60,6752696.30,2730736.60,803950.00,3191649.00,144281008.00,132900.00,2237549.00,2060951.00,6917830.00,4084.00,10767480.00,4339307.50,,813159.00,17580.00,3284449.00,1466926.00,995311.00,,3995517.00,1879533.50,390766.00,39303343.00,183584351.00
Mar-10,62619513.20,,14824979.30,5494256.00,1578668.00,58916020.80,7643281.60,2955793.80,939280.00,3403740.00,158375532.70,289699.00,2024021.00,2388890.00,7777183.00,90449.00,12524193.00,5635948.00,,1061692.00,20315.00,3735544.00,1912537.00,2057636.00,,3891622.00,1948511.30,502775.00,45861015.30,204236548.00
Apr-10,75638638.69,,14845159.73,5428332.00,1566397.40,60452759.18,7322789.70,3612082.30,970191.00,3626058.49,173462408.49,288944.00,2687554.00,2772577.00,7805395.22,66131.00,10162347.98,7681509.99,,1171771.00,22539.00,4666028.00,2166042.00,1831864.40,,3562712.72,2172089.00,471358.00,47528863.31,220991271.80
May-10,69293863.60,,16561634.02,5646668.73,1648209.70,64638887.83,7857606.50,3099174.90,990488.00,3934054.00,173670587.28,284497.00,3026091.00,4096647.00,7182068.68,68335.00,15648577.00,8837635.63,,1236937.00,23390.00,5974469.00,2277144.00,2189209.00,,3872768.00,2422195.51,539929.00,57679892.83,231350480.11
Jun-10,69136726.50,,16348261.68,5479136.00,1706301.00,62617855.84,8039983.60,3039508.70,959964.00,4096509.00,171424246.31,222563.00,3301247.00,4378463.00,6856633.58,59189.00,17411330.21,9150515.80,,1285530.00,33869.00,6294544.00,2033242.00,2040363.00,,4003970.00,3174810.20,601409.00,60847678.79,232271925.11
Jul-10,82252225.91,,17666418.68,5491451.00,1753011.20,65139019.55,7959792.30,3489803.10,1022579.00,3909240.00,188683540.75,207522.00,4391874.99,4201870.10,7471304.07,56187.25,18699920.45,9620483.00,,1317011.00,39259.00,6132817.00,1929349.00,2150298.00,,4185244.00,2819302.00,618559.00,63841000.85,252524541.60
Aug-10,72265844.10,,17757058.95,5170144.40,1687863.00,62825217.09,7786722.80,2891629.30,1293673.00,3906848.00,175585000.64,226543.83,4142314.00,3347814.39,7737170.13,55518.00,16891340.00,7611957.66,,1268029.00,49440.00,5757437.00,1839023.00,2054871.00,,3910956.00,2497703.40,434637.00,57824754.41,233409755.05
Sep-10,81520067.12,,17047571.68,5035159.51,1614545.00,66138650.06,7777779.90,3299467.00,1176160.00,3707194.00,187316594.27,234337.64,4583572.00,3108991.02,10782666.61,66831.00,15923076.00,7682517.74,,1161545.00,44412.00,4994532.00,1869052.00,1868195.00,,3452737.00,5683502.86,498599.00,61954566.87,249271161.13
Oct-10,79574907.36,,17982957.10,5033234.98,1692293.30,64590600.67,7856017.20,2673453.70,1108977.00,3739942.00,184252383.31,241046.43,4148920.00,2827317.26,7881515.99,60485.00,15084827.49,6557024.35,,1152302.00,43647.00,4262640.00,1989971.00,1747956.00,,3367185.00,2235630.50,499966.00,52100434.01,236352817.32
Nov-10,69606313.34,,17153689.87,4888919.15,1603114.00,61361298.52,7083288.00,2433982.00,1083434.00,3516677.05,168730715.92,249064.87,3522875.00,2229935.23,5547288.31,55205.59,11821808.28,6171028.00,,1061393.91,44166.00,3000364.00,2004658.00,1521510.00,,2892491.00,2037373.57,539511.57,42698673.31,211429389.23
Dec-10,77001626.05,,16665810.28,4447274.64,1457839.80,64568174.53,6551280.30,2567866.20,1075688.00,3236180.24,177571740.04,260540.77,3442858.00,1706281.02,8362833.52,60547.13,10893035.64,6470255.70,,1168406.00,45407.00,2504887.00,2102267.00,969244.00,,3315791.57,1802480.50,517854.22,43622689.07,221194429.11
Jan-11,75467060.83,,16228587.33,4738313.16,1677199.35,64672090.09,7668320.65,2430168.10,1763121.00,3481538.00,178126398.50,144392.95,3384728.00,1613467.00,9039746.16,65179.00,11876620.00,4807506.23,,1143750.00,45126.00,2838157.00,2532194.63,1669832.00,,4016598.00,1574794.00,529947.00,45282037.97,223408436.47
Feb-11,70707553.00,,15033225.32,4557025.50,1633981.59,57539667.66,7294727.65,2396762.50,829177.00,3307507.00,163299627.22,150745.00,2681534.00,1717176.95,8546266.12,107449.00,10644503.01,4438442.76,,1164766.00,30943.00,2815462.00,2306778.15,970278.00,,3307051.56,1410117.00,535575.00,40827087.54,204126714.76
Mar-11,86415322.12,,17532296.70,5207931.10,1892950.95,66472768.89,7996370.78,3021558.50,891693.00,4051557.00,193482449.04,193789.00,2654136.00,2625074.40,7079017.00,138632.00,11589508.00,5449216.80,,1191329.00,27399.00,2995780.00,2769899.03,1854525.00,,3918892.74,1916725.00,596351.00,45000273.97,238482723.01
Apr-11,75353758.73,,16892783.81,4685965.26,1706469.65,62592098.56,8115083.84,2479922.20,854378.00,3716655.00,176397115.05,194789.00,2663150.00,3425553.69,9584762.00,71750.00,13454674.64,5420595.10,,1241619.00,25209.00,4442857.00,2621496.88,1714675.00,,3849971.00,1882395.00,588312.00,51181809.31,227578924.37
May-11,76144993.15,,16704622.63,4843303.00,1802530.00,62068612.97,9251003.09,2500898.40,858044.00,3906982.00,178080989.25,216876.00,3355643.00,3837115.61,8768906.00,80413.00,16737208.00,6625961.39,,1254689.26,28251.00,5145639.00,2653485.79,1019669.00,,3963517.00,2663735.00,632491.79,56983600.84,235064590.09
Jun-11,87558945.62,,16543364.96,4817504.00,1846871.08,61798571.06,10251545.63,3139830.40,829447.00,4038843.00,190824922.75,186006.00,4114529.00,3890066.81,8934090.00,78874.00,18284087.12,7773647.80,,1245041.00,39419.00,5430436.00,2654137.98,1633703.00,,3785274.00,2929167.00,600721.00,61579199.71,252404122.46
Jul-11,76478819.65,,16909965.19,4990009.13,1866233.87,61048620.11,9902792.33,2600592.40,847672.00,4069313.00,178714017.68,187331.00,4329271.00,3698366.31,8349413.00,52668.74,18962635.00,6185018.60,,1212823.00,39563.00,4388497.00,2672852.36,1794175.00,,3792961.00,2590226.05,627109.34,58882910.41,237596928.09
Aug-11,74039209.35,,16246701.82,4973456.93,2015480.71,60063659.48,9613223.99,2615427.90,853482.00,4312635.00,174733277.18,163264.00,4232958.00,3454324.07,8711606.00,58339.00,16981863.44,5577745.00,,1281865.00,29278.00,5070676.00,2460887.78,1645419.00,,3758656.00,2232104.00,506307.00,56165292.29,230898569.46
Sep-11,83988559.01,,16378573.32,4699003.00,1779248.55,61279086.37,10335362.45,3187769.30,818268.00,3743836.00,186209706.00,189893.64,4149632.00,3115922.05,8983600.00,46523.00,16248166.91,5917415.40,,1199894.00,27124.00,4558583.00,2285794.20,1517126.00,,3491087.00,2246056.07,495309.00,54472126.28,240681832.28
Oct-11,72073403.90,,16753390.46,4634412.97,1891390.84,61265086.61,10225665.40,2603229.90,798627.00,3705069.00,173950276.09,155998.00,3651529.00,2940533.46,9070494.00,74321.00,16040234.29,4955829.90,,1189645.00,28085.00,3902004.00,2388341.95,1476829.00,,3420050.00,1903129.00,531354.00,51728377.60,225678653.69
Nov-11,70910290.52,,16858376.02,4240713.00,1883218.34,60276973.71,10053575.66,2659175.00,708540.00,3445154.00,171036016.25,184763.00,2952026.00,2414616.19,9266866.56,78757.00,13477221.00,4796140.70,,848148.00,22931.00,3048242.00,2569601.85,1261069.00,,3082072.00,1678777.00,477304.00,46158535.29,217194551.54
Dec-11,82029385.38,,17599492.80,4122915.68,1776615.58,65132378.13,10125862.98,3173559.20,715214.00,3250630.00,187926053.75,198167.00,2875620.00,2036458.70,9883805.00,71556.00,12626525.00,5500964.00,,1154613.00,14904.00,2942744.00,2739429.67,818655.00,,3225235.00,1594747.50,423701.58,46107125.45,234033179.19
Jan-12,76209231.42,,17586555.58,4241323.00,1992117.06,63111929.97,9610556.00,2929714.00,899910.00,3949906.00,180531243.03,216657.00,2734256.00,1900929.44,10117123.99,61208.00,13420650.31,5234201.80,,1127556.00,236895.00,3151749.00,3035284.34,862340.00,,3458791.00,1693070.00,410327.88,47661039.76,228192282.79
Feb-12,74507558.25,,16317211.02,4161203.19,1952793.00,60461511.66,8928457.00,2765667.60,841280.00,3668171.00,173603852.71,198544.00,2900611.10,2059070.21,9642598.31,55851.00,11566743.00,4643268.70,,1155364.00,212862.00,2876624.00,2945120.49,833298.00,,3685797.86,1580345.00,578299.86,44934397.52,218538250.23
Mar-12,88903938.95,,16273520.87,4729426.15,2104783.23,63883555.88,9578265.68,3438310.00,945965.00,3937860.00,193795625.77,213952.00,2485826.00,2390388.31,10292195.00,60149.18,11478634.00,4657260.00,,1152903.62,377652.00,2999014.00,3310434.73,881442.00,,3697970.32,1449953.00,412149.46,45859923.62,239655549.39
Apr-12,80791575.22,,18410040.06,5649621.89,1964285.43,66650878.03,9561723.29,2790653.00,929204.00,3908245.83,190656226.75,269166.00,2900739.00,2756328.00,9881274.55,62463.00,9482995.27,4467923.45,,1100313.00,447043.00,3661249.00,3120698.47,1768010.67,,5652354.50,1381109.00,540612.00,47492278.91,238148505.67
May-12,93623319.06,,17833617.02,4768753.19,2075731.96,67052582.05,10102484.63,3400058.00,873920.00,4097888.21,203828354.11,235449.09,4163732.00,4006600.31,9298618.00,72950.00,19130291.00,7069161.00,,1108522.00,342358.00,5230332.00,3172308.93,1120747.00,,4566536.90,2299698.00,493330.00,62310634.23,266138988.35
Jun-12,80182316.41,,16220506.40,4697303.00,1968982.00,63689756.47,9799658.77,2621103.00,903668.00,4167316.07,184250610.13,236209.50,4098342.00,4616980.67,9050407.17,57216.00,18521441.37,7435505.00,,1341668.00,338747.00,5613203.00,2937972.36,1160410.09,,4289238.47,2620108.26,531917.00,62849365.90,247099976.03
Jul-12,80054665.61,,17327085.70,4982790.00,1940385.81,67800509.04,9813148.33,2944306.00,931748.00,3959949.67,189754588.15,272521.63,3346676.00,4932450.06,8379624.00,47705.00,19965878.40,7359259.52,,1035127.00,295967.00,5990734.00,2837566.75,1319096.74,,4687856.94,2574161.60,518220.00,63562844.65,253317432.80
Aug-12,92362772.96,,19960610.09,5444958.87,1624509.04,73025197.43,9786320.20,3552797.80,917364.00,4232706.50,210907236.89,314803.00,4301017.90,4910003.00,8228225.00,56584.00,20682276.89,7687201.20,,885909.00,555920.00,6114767.00,2661206.48,2195623.67,,6720609.50,2929582.42,780043.00,69023772.05,279931008.95
Sep-12,78855446.08,,18848010.85,5382028.22,1450341.35,69847194.83,8801398.88,2880972.80,834837.82,3709472.49,190609703.32,229195.00,3709869.00,5608705.00,8613079.00,54596.00,19798405.89,6417389.00,,788280.00,845254.00,6061465.00,2692172.93,1343154.00,,6748037.50,2708963.00,415874.00,66034439.32,256644142.64
Oct-12,78069424.78,,18693741.30,5267596.11,1518901.73,69130877.11,8507688.38,2770405.67,835916.00,3825750.19,188620301.27,230420.00,3630388.00,5089062.00,7961164.00,72589.00,18115688.12,5875435.18,,801474.00,1971455.00,6546776.75,2726361.38,1571105.00,,5879653.17,2536295.45,592664.89,63600531.95,252220833.22
Nov-12,89512754.71,,18308549.25,5565901.27,1614805.27,70944541.90,8066341.89,3426754.00,939836.00,3825021.35,202204505.64,235326.00,3382984.00,4616915.00,9389498.00,80565.00,15454158.39,6793768.00,,945964.00,1858607.00,5689276.00,2853120.81,1524850.00,,6243908.70,2770412.33,627744.00,62467097.23,264671602.87
Dec-12,82003628.90,,18613127.14,6195455.36,1691973.21,72155178.36,8923598.54,3026999.00,1035183.00,3922076.00,197567219.52,290326.00,1791308.00,4089093.00,9949848.00,96494.00,14068376.67,5832038.00,,987999.00,1611527.00,4999859.00,2910754.97,1514307.00,,6489746.30,2332710.33,549198.00,57513585.27,255080804.79
Jan-13,91909534.68,,18665600.03,6084483.38,1901356.78,71209168.08,9179876.37,3592743.00,1024770.00,4269205.38,207836737.69,272023.00,2020387.00,3543209.00,10442947.00,103225.00,10869873.38,5243187.00,177234.00,1074564.00,1204687.00,4285656.00,3818150.68,2050578.00,,6591984.00,2035484.34,528250.00,54261439.40,262098177.09
Feb-13,77696685.82,,16656544.57,6067315.95,1643233.51,62037716.86,6424944.91,3000745.00,905351.00,3707604.37,178140141.98,267023.00,5045625.00,2783239.00,9994103.00,102248.00,8584141.00,4040056.00,152625.00,1036911.00,836284.00,3115066.00,3401893.45,2116530.00,,6381445.00,2061330.53,528362.00,50446881.98,228587023.96
Mar-13,82187361.73,,18013492.67,6140740.40,1678909.36,67260172.68,7711816.96,3207435.00,1022132.00,4051557.00,191273617.80,264023.00,2056094.80,3485961.30,7575954.00,86924.88,10605122.90,3888394.00,207621.00,997495.00,946321.00,3810086.70,4213270.84,2253688.00,,6808142.89,2180215.73,562541.00,49941857.04,241215474.84
Apr-13,82304387.95,,18646902.72,5758817.00,1988292.55,67924541.81,8946693.02,3107095.00,986740.00,3716655.00,193380125.04,141129.00,2132827.00,3644302.00,10530437.18,120116.00,12915823.62,4419472.00,208120.00,1211018.32,840074.00,4568574.00,4179341.31,2000576.00,,7374946.48,2163990.36,584446.00,57035193.28,250415318.32
May-13,95263881.64,,19897472.75,6160883.72,2003331.81,73838739.31,9400266.36,3795833.00,880184.22,3906982.00,215147574.81,189370.00,2650912.00,4263881.00,9222988.38,101294.00,15743932.64,6150842.89,212742.00,1193155.00,988384.00,5659901.00,4136952.37,2244226.00,,7605887.78,2412320.50,755596.00,63532385.56,278679960.38
Jun-13,80761890.70,,18806523.42,5642795.70,1858111.40,69418557.88,9266941.74,3122443.00,1018374.00,4038843.00,193934480.84,196834.00,2904129.00,4400119.87,9578388.92,111501.00,16515435.62,5887216.00,170201.00,1164050.00,1375399.00,6510534.00,3565599.96,2161933.00,,7585566.61,3632406.00,559583.00,66318896.97,260253377.81
Jul-13,85232117.79,,19209948.32,5640278.00,1899970.72,71833527.68,9525358.81,3170374.00,1060608.00,4069313.00,201641496.31,199995.00,3319680.00,5265101.00,8499894.95,111065.00,16885733.31,5856291.00,157526.00,1144972.69,1611548.00,7429843.00,3715196.61,3176651.00,,7990648.25,3215154.03,588098.00,69167397.86,270808894.17
Aug-13,95507378.75,,14579533.02,5716365.00,1496548.00,77950251.22,9613223.99,3765787.00,950081.00,4312635.00,213891802.99,190495.00,3645649.00,5247953.00,5915600.40,71093.53,17596974.84,6562229.00,103966.00,918312.00,1658416.00,7523011.00,2804251.32,2347507.00,,8010240.89,3287178.00,506307.00,66389183.98,280280986.97
Sep-13,82458810.23,,16808811.65,5269207.68,1508517.27,66245262.08,10335362.45,3151666.00,920399.00,3743836.00,190441872.36,129186.00,3528844.00,5081343.00,4013671.28,125960.00,16592335.02,5461635.00,122371.00,544061.00,1521029.47,7093536.50,3926045.28,2270568.00,,7681164.20,2675116.88,495309.00,61262175.63,251704047.99
Oct-13,94281777.66,,18808981.96,5414445.00,1431950.27,72912032.95,10225665.40,3801471.00,995963.00,3705069.00,211577356.23,130516.00,3608960.00,5067992.00,8129405.65,86640.59,18124242.57,6042845.00,150364.00,949981.00,1773899.00,6776341.00,2996604.36,2234145.00,,7798949.59,2892917.00,531354.00,67295156.76,278872512.99
Nov-13,80079874.44,,20335406.37,5591312.00,1514833.06,70237394.32,9166364.85,3050202.00,971206.00,4008239.37,194954832.41,126980.00,3243006.00,4753909.00,9065900.70,120134.00,16347961.20,4915255.63,158106.00,920654.00,1428625.31,5857434.00,3195590.99,2221052.00,,7678278.39,2026269.00,323972.00,62383128.22,257337960.63
Dec-13,85292071.43,,19690904.00,5832249.00,1528124.20,75670766.44,10553020.30,3210653.00,980158.00,3904563.00,206662509.37,190873.00,2926356.00,4333330.00,9446754.00,149615.00,14749402.09,5581658.00,187921.00,965767.00,1098890.00,5657566.00,3563229.00,2941704.00,,7561625.00,2036018.00,415803.00,61806511.09,268469020.46
Jan-14,94780021.75,,20489984.76,5880220.44,1740272.19,78398491.09,10019941.74,3626218.00,993954.00,4444167.00,220373270.97,190698.50,2561243.00,3911365.00,9800577.00,298797.00,12549125.70,5204417.00,231110.00,1074730.00,1113224.00,4774525.00,3608654.00,2160191.00,,7642601.00,2426258.80,425127.11,57972644.11,278345915.08
Feb-14,81604253.54,,18695249.11,5349069.00,1758636.49,70166565.93,9078412.61,3209189.00,878428.00,4056852.00,194796655.68,176166.50,2409503.00,3154485.00,9694067.42,134138.00,9812406.30,3771881.00,195604.00,1113492.00,843163.00,3484230.00,2651222.00,1996617.00,,7546930.00,1473800.70,442115.11,48899821.03,243696476.71
Mar-14,85372605.10,,23372465.52,5922541.00,1962325.11,72094280.89,9563889.09,3272225.00,1016070.00,4510794.00,207087195.71,189619.00,3037984.00,3443139.00,10127194.00,281278.00,10481557.00,3431821.00,209012.00,1077248.00,901800.00,3716186.00,3103548.00,2515100.00,,8329617.00,2786839.00,482792.00,54114734.00,261201929.71
Apr-14,86628717.15,,21337308.79,6114764.56,1933967.19,71015849.07,9204334.01,3278946.00,996050.00,4323946.08,204833882.85,171126.50,3405291.00,2853503.50,10100486.00,289124.00,10244427.43,2927046.00,193472.00,972708.00,834906.00,3545755.00,3290909.00,2448978.00,,7735253.00,2254847.81,446560.56,51714393.80,256548276.65
May-14,94172038.00,,20991631.95,5884944.03,1935902.15,78995542.81,9948073.74,4124176.00,1087049.00,4286301.00,221425658.67,161481.50,3535539.00,3965522.00,6247480.33,297006.53,13968002.33,4979680.00,101013.00,945168.00,1143695.00,5076118.00,3252148.00,3572237.00,,7568423.00,2912012.19,448954.11,58174480.00,279600138.68
Jun-14,86807937.37,,20795278.29,5655584.00,1966621.07,77886100.28,9960441.00,3316432.00,1096653.00,4408372.00,211893419.00,421631.50,2852848.00,4842946.00,8819989.00,399311.00,15685358.33,5743550.00,167400.00,1065643.75,1288895.00,6129692.00,3480356.42,2551048.00,,7825487.00,3055739.61,396949.00,64726844.61,276620263.61
Jul-14,101459960.83,,20250939.63,5952561.92,1987250.90,81547285.16,10930001.06,4189124.00,1181955.00,4289875.00,231788953.49,375272.50,2937302.00,4807578.00,7511782.00,352447.00,15894643.20,6679365.00,167400.00,1055519.80,1189523.00,6643787.00,3304107.72,2467465.00,,7908690.00,2176108.14,529879.11,64000869.47,295789822.96
Aug-14,85932622.77,,19076780.35,5764834.36,1788766.93,77566114.97,10908674.88,3429882.00,1140348.00,3968651.00,209576675.26,370176.50,2619844.00,4682615.00,7486872.09,218309.00,14736197.70,5826054.00,167399.75,1021862.80,792358.00,7119458.00,3004072.42,2335734.00,,7736123.00,2801937.24,418644.11,61337657.61,270914332.87
Sep-14,86651300.41,,17845157.87,5510774.36,1554377.46,74523065.67,10405955.00,3338925.00,1117006.00,3513068.50,204459630.26,198989.50,2986014.00,4961487.00,7646878.33,173913.00,16622855.88,5048449.00,167399.75,849814.00,1069405.00,7857599.00,2854448.42,2299279.50,,7352158.00,2630690.31,394329.11,63113709.80,267573340.06
Oct-14,100874172.00,,18169418.93,5924795.19,1658888.28,79132441.30,10667190.13,4180070.00,1208798.00,3687056.00,225502829.83,187721.50,3296360.00,5084208.00,8118028.42,141991.00,16946871.70,5571109.00,167399.75,871854.00,1635324.00,8416803.00,2996134.42,2361501.00,,7370622.00,3331467.19,382324.11,66879719.09,292382548.92
Nov-14,87100940.12,,17727258.06,5758913.36,1724853.16,80367388.84,10345081.36,3405428.00,1186838.00,3673524.00,211290224.89,192498.50,2893081.00,4101772.00,8779275.42,177043.00,14902785.45,4665119.00,167399.75,969783.00,1423350.00,7641442.00,2449747.92,2157100.00,,7124000.50,3023100.83,376053.11,61043551.48,272333776.37
Dec-14,96806241.91,,18901035.86,5982843.00,1761715.33,87952881.98,10858563.96,3704334.00,1268019.00,3723363.00,230958998.04,173455.00,2871267.00,3976221.00,9375739.00,231261.00,18326296.05,4851084.00,167399.75,1055585.00,1438305.76,6185864.19,2797838.50,2219653.00,,7867885.00,2980334.00,366602.00,64884790.25,295843788.29
Jan-15,98759220.10,,19646245.39,5975595.00,1989359.67,87300156.53,10854305.68,3858705.00,1249775.00,4122711.00,233756073.37,228173.00,2609203.00,3540272.00,9875964.00,295279.00,17327322.25,4315287.00,167400.00,1055585.00,1166706.14,5152134.61,3088674.00,2330153.00,,7617942.00,2823801.70,333364.70,61927261.40,295683334.77
Feb-15,90176459.01,,14128777.00,5799037.00,1867981.64,80520402.00,9617937.85,3438137.00,1169973.00,3560525.00,210279229.50,274598.00,2553411.00,2817345.00,10047455.00,322175.00,12741273.31,3641077.00,,1072335.00,754160.79,4152192.90,3462185.00,2371722.00,,6846676.00,1385875.00,227188.00,52669669.00,262948898.50
Mar-15,94849854.64,,15048087.37,6340433.00,2102291.04,86608104.87,8886605.83,3584689.00,1271840.00,3843428.00,222535333.75,198260.00,3937488.00,2992771.00,8707578.00,329127.00,13428271.95,3066068.00,,1246418.00,750341.37,4117437.69,3881527.00,2624408.00,,7813274.00,1471586.00,282679.00,54847235.01,277382568.76
Apr-15,107448356.27,,14989583.98,6243296.00,1994157.08,84920971.62,9637391.33,4403493.00,1234629.00,3858650.00,234730528.28,232879.00,3748869.00,3026271.00,10003144.00,372006.00,13969515.82,3516079.00,,1131696.00,448493.50,3919452.68,3936682.00,2362772.00,,7272641.00,1849705.00,268586.50,56058792.50,290789320.78
May-15,94142676.36,,15224355.62,6817701.00,2097278.38,85174103.83,10084899.58,3652215.00,1213760.00,4139945.00,222546934.77,303168.00,2889379.00,4132990.00,8855761.00,573615.00,14992952.03,4000630.00,,1190164.00,550635.44,4706536.33,3869497.00,2442109.00,,7758340.00,2047410.50,252269.00,58565456.30,281112391.07
Jun-15,90811969.78,,14280580.70,6125547.00,1968854.20,79677024.08,9840422.30,3505955.00,1211457.00,3935406.00,211357216.06,241556.00,1963082.00,5213995.00,7824931.00,467520.00,15679146.25,4375686.00,,1046739.00,722688.06,5554362.69,3533720.00,2562163.00,,7101748.00,2404054.00,246889.50,58938280.50,270295496.56
Jul-15,105287752.29,,13930365.04,6317622.00,1907190.22,80772197.80,9954593.51,4225906.00,1238847.00,3750313.00,227384786.86,138497.00,2003989.00,5353103.00,6436116.00,430993.00,17183779.59,5262649.00,,925118.00,749339.02,6201495.39,3424285.00,2276502.00,,7264579.00,2437227.00,298932.00,60386604.00,287771390.86
Aug-15,91897531.96,,13288943.79,5979290.00,1700278.32,78715916.69,9375173.00,3529961.00,1252349.00,3351857.00,209091300.76,96066.00,1944228.00,4341852.00,7015195.00,268108.00,15294545.80,4886778.00,,810150.00,607845.50,5879468.69,3076636.00,2310526.00,,7209265.00,2571884.00,281039.00,56593586.99,265684887.75
Sep-15,90617430.69,,12882915.75,5601935.00,1567476.69,74095739.87,8881710.00,3206818.00,1138619.00,3091481.00,201084126.00,74007.00,2013250.00,4806396.00,7388657.00,232835.00,16424591.24,4466093.00,,719655.00,634514.57,6411867.19,2794767.00,2152168.00,,6686486.00,2453566.00,239272.00,57498125.00,258582251.00
Oct-15,103806050.01,,12696379.81,5756692.00,1574130.29,74457067.63,8432155.00,3961275.00,1140658.00,2549347.00,214373754.74,73090.00,2327965.00,4706462.00,7720556.00,161709.00,17350365.33,4879141.00,,640108.00,803207.46,6529935.70,2855522.60,2287776.00,,6661877.00,2198487.00,223347.50,59419549.59,273793304.33
Nov-15,88490032.63,,12502658.45,5819396.00,1635998.92,71717249.86,8201345.54,3408605.00,1097580.00,2609743.80,195482610.20,71192.00,2094124.00,3875001.00,8390196.00,150393.00,15438572.65,4131582.00,,602831.00,796119.40,5655740.94,2879070.40,2049411.00,,6293073.00,1878406.00,269940.00,54575652.39,250058262.59
Dec-15,100415032.50,,13465554.75,6084280.00,1682647.22,78576610.24,8855711.26,4002332.00,1182618.00,3104631.10,217369417.07,77423.00,2098764.00,3184398.00,8746235.00,173470.00,14392914.77,4352475.00,,619704.00,789984.02,5644740.21,3200914.20,2154769.00,,6616648.00,1687999.00,303985.05,54044423.25,271413840.32
Jan-16,98056435.73,,12640429.57,5989416.67,1859984.98,74670228.68,8846299.00,3926529.00,1098863.00,4492441.76,211580628.39,110903.00,1598055.00,2766277.00,8591992.00,346158.00,12643336.00,4766755.00,,626340.00,512458.00,4692074.00,3155143.90,2791761.00,240098.00,6076579.00,1518774.00,249096.50,50685800.40,262266428.79
Feb-16,89900802.69,,11128018.04,5781623.00,1873093.99,67295972.69,8248117.58,3720243.00,996858.00,4333000.60,193277729.59,94573.00,1223987.00,2336082.00,8674599.00,257400.00,8889599.42,3864547.00,,737433.00,370685.73,3502727.99,2984802.40,2688683.00,258951.00,6320442.00,1227581.00,364546.00,43796639.54,237074369.13
Mar-16,91863153.96,,11525474.95,6272647.00,1981051.67,68263290.37,8127760.80,4149176.00,1341886.00,4761188.70,198285629.45,99594.00,1341813.00,2197270.00,10743161.00,194992.00,8041909.66,3154640.00,,783501.00,350599.49,3158985.85,3286445.85,2537149.00,267815.00,6306010.00,995980.00,393133.00,43852998.85,242138628.30
Apr-16,93148493.62,,11782119.44,6368446.00,1965515.67,70940367.05,7818891.98,4139518.00,1311898.00,4875616.30,202350866.06,114363.00,1633847.00,1985831.00,10752035.00,232094.00,7575944.77,1489323.00,,798059.00,315193.04,2727341.19,3383639.50,2788084.00,251262.00,6040445.00,794785.00,493328.00,41375574.50,243726440.56
May-16,99481589.00,,13181530.50,6603170.33,2191456.00,78866930.47,8743744.00,4257682.00,1311736.00,5202837.30,219840675.60,130819.00,1547692.00,2400049.00,10031627.00,303662.00,11241864.21,3769926.00,,804866.00,452423.28,3269501.51,3363347.90,2630895.00,232414.00,6537648.00,1161166.00,306265.33,48184166.23,268024841.84
Jun-16,100715677.78,,14029052.34,7118086.78,2038158.12,78655183.89,8746313.04,4170963.00,1300128.00,4890760.00,221664322.95,81909.00,1760010.00,3247182.00,9531372.00,280723.00,15115101.19,4736964.00,,773926.00,678362.29,4058899.53,2990383.50,2353885.00,215050.00,6740843.00,1515316.67,405294.44,54485221.62,276149544.57
Jul-16,103875927.85,,12039920.26,6924597.44,2067370.55,80176397.35,7512963.68,4308918.00,1282021.00,4996603.47,223184719.59,95276.00,1813493.00,4352282.00,6911011.00,202003.00,17174827.00,5503806.00,,723472.00,707442.51,4861089.37,2782331.00,2404121.00,115297.00,6894923.00,1921818.22,399597.00,56862789.10,280047508.69
Aug-16,103676742.00,,13698105.00,6249133.00,1930378.00,80072869.41,9460065.70,4272893.00,1226537.67,5065708.90,225652432.67,102924.00,2047045.00,4659069.00,8967648.00,267009.00,19687047.63,5979726.00,,513829.00,,5027493.37,2603073.00,2679761.00,166773.00,7087356.00,1705579.63,367261.00,61861594.63,287514027.30
Sep-16,99788091.38,,13409739.50,6143052.00,1788487.85,77329473.07,8910009.67,4080749.00,1140762.00,4726827.07,217317191.54,107743.00,2075524.00,4359702.00,9393739.00,189518.00,18640056.09,6122131.00,,712950.00,671991.13,5073621.78,2540741.50,2631690.00,134267.00,6639730.00,1578432.51,356408.00,61228245.01,278545436.54
Oct-16,101945809.92,,13900422.50,6398347.00,1905193.39,82392077.33,8915511.22,4185726.00,1173026.00,5027827.82,225843941.18,111516.00,2086019.00,4242650.00,9720622.00,167298.00,21826122.69,5322756.00,,738252.00,899856.22,5058100.08,2677659.50,2467965.00,204969.00,6609849.00,1517783.45,390869.00,64042286.94,289886228.12
Nov-16,95639479.63,,13677148.15,6273071.00,1917614.62,80200389.81,8657163.31,3872929.00,1127506.00,4964159.46,216329460.98,119048.00,1991020.00,2182368.00,10113518.00,150632.00,15873066.74,4615103.00,,785110.00,801166.97,4332023.28,2620309.67,4983031.00,246614.00,6098117.00,1372362.86,348345.00,56631835.52,272961296.50
Dec-16,98589100.25,,14064594.76,6414365.00,1844461.91,83304035.93,8989768.38,3912958.00,1141015.00,4919560.25,223179859.48,126059.00,1943872.00,1766640.00,10016499.33,136908.00,15037218.63,4508652.00,,784925.00,740986.00,3905090.32,2736104.39,2509577.33,271372.00,6359258.00,1256224.27,299091.33,52398477.61,275578337.10
Jan-17,102834119.96,,22493008.29,9510381.00,2056281.15,82095252.22,8930594.01,3934563.00,1093928.00,5367118.20,238315245.83,133896.00,1876453.00,1740080.00,9326569.78,189442.00,11070957.13,4387563.00,,818730.00,573287.04,3443724.33,2892515.44,2608480.00,289932.00,7250957.92,1404698.00,370372.19,48377657.82,286692903.64
Feb-17,95432555.58,,21324327.76,8668148.33,1958310.25,73597695.44,8386924.99,3594742.00,1044764.00,5175551.23,219183019.58,126775.00,2174939.00,1513021.00,9775929.07,149196.00,9231963.96,3485027.00,,975423.00,531467.83,2720870.10,2772854.11,2968340.00,289932.00,6792482.19,872355.00,349256.38,44729831.63,263912851.21
Mar-17,104397397.81,,14794245.69,6695856.78,2214853.00,78107087.49,9289758.79,4276845.00,1151289.67,5646879.40,226574213.63,121243.00,2127465.00,1891990.00,9738218.78,188660.00,8139616.38,3453081.00,,1054031.00,636842.13,2854609.38,3010308.85,2495838.00,318218.00,7490316.07,909567.00,365549.86,44795554.45,271369768.08
Apr-17,105737932.28,,14901166.66,6935146.00,2173661.46,80405165.72,8890085.49,3898716.00,1139281.56,5477298.50,229558453.66,116885.00,1691828.00,1841714.00,11137765.00,224802.00,12082697.05,4241994.00,,1082275.00,770815.59,3317182.57,2850044.50,2624058.00,298983.00,7484981.00,1036914.67,969342.00,51772281.38,281330735.04
May-17,108279964.44,,16326326.44,6852882.33,2236119.16,80463723.34,8966676.86,3912150.00,1159048.07,5709310.50,233906201.14,143048.00,2649159.00,3410141.00,10744833.10,265075.00,13706341.98,5058952.00,,1215384.00,1026605.08,4444991.78,4379812.00,2790671.00,298983.00,8073817.00,1288951.00,542465.51,60039230.45,293945431.60
Jun-17,107634646.48,,15689898.89,6685806.29,2097859.21,79527878.26,8593656.34,3940947.00,1161965.54,5156515.60,230489173.61,80242.00,2907289.00,2804968.67,9960459.03,203418.00,14372077.21,4962234.00,,1833116.57,1312203.77,4338502.24,4231477.60,2757687.00,266942.00,7899143.00,1854346.89,623419.46,60407526.43,290896700.04
Jul-17,108515884.32,,14920370.64,7651480.83,2137566.27,81096090.64,9093135.41,4140209.00,1189547.84,5167345.30,233911630.24,81799.00,2628459.00,2549868.00,10486292.38,156683.00,14981697.62,4432282.00,,1702024.67,1230746.72,4470063.00,3814221.00,2879127.00,271763.00,8022789.00,1482489.75,694358.76,59884663.90,293796294.14
Aug-17,106603979.64,,14646166.19,7584364.10,2006293.07,80995091.76,8987798.02,4205411.00,1176417.00,4925081.30,231130602.08,94290.00,5368754.00,2305266.00,9745051.17,166844.00,15004581.31,4031318.00,,1099313.00,1278630.04,4859702.41,3562994.50,2930243.00,271554.00,7870249.00,1307279.10,590604.68,60486674.22,291617276.30
Sep-17,101815982.38,,14589292.35,6552224.15,1916024.69,78892856.93,8930869.73,4197989.00,1154587.13,4799207.60,222849033.95,103196.00,2523648.22,2091371.00,8976954.53,153131.00,14714426.08,3855557.00,,1046766.00,1118668.92,4494744.23,3256382.67,2795485.00,135545.00,7284017.33,1158837.76,630261.30,54338992.04,277188025.99
Oct-17,102979667.39,,14558154.68,6713003.58,1956395.75,80557547.36,9122553.84,4290629.00,1149312.65,4852277.96,226179542.21,83309.00,2168149.74,2047628.00,8648083.36,136960.00,13129183.87,3844069.00,,1028015.00,1197585.00,4336458.00,3177690.89,2705487.00,,7225724.00,1182669.32,687909.92,51598922.09,277778464.30
Nov-17,99914177.39,,15101169.74,6159095.49,1815677.71,79184403.81,8154019.29,4092833.00,1076115.59,4510185.07,220007677.10,83159.00,2347063.00,1798776.00,8732958.68,122470.00,13433505.67,3812434.00,,1154154.00,1144850.00,3702853.00,3156652.85,2667738.67,,6580235.00,1083994.84,648762.63,50469607.34,270477284.44
Dec-17,104292676.34,,15322902.51,6295113.13,1917331.95,84401505.79,9521159.20,4057182.00,1193643.79,4676036.23,231677550.93,79303.00,2067667.00,1783523.00,8884798.23,143790.33,13427151.38,4213096.00,,529973.00,980463.00,3487901.00,3489789.47,2637016.56,,6406063.00,1024711.97,623240.95,49778487.88,281456038.82
Jan-18,103154361.89,,16369872.64,6507665.08,1981187.97,85117085.20,9223231.54,4000050.00,1050986.00,5503761.96,232908202.28,85460.00,2641114.00,1549594.00,9082774.11,153338.00,11623942.38,4412119.67,,960566.00,783589.00,3523555.00,3561239.00,1329942.00,,6446547.00,438779.00,293272.00,46885831.15,279794033.43
Feb-18,99430802.44,,19225565.54,6312570.29,2071977.38,77550830.29,8577929.13,3634203.00,1006425.00,5200631.30,223010934.37,97053.00,2357493.00,1442229.00,8931048.14,167574.17,12422343.67,4513614.56,,1147253.00,706080.00,3286625.33,3169611.00,1230188.00,,6029531.00,853645.33,398949.00,46753238.19,269764172.57
Mar-18,110506293.36,,20662347.21,7965366.72,2259878.94,86117809.81,9663942.33,4077186.00,1178103.00,5490294.60,247921221.97,107124.00,1744232.00,1436033.33,8029129.40,162549.25,12263903.26,3703231.74,,1240707.00,598358.00,3182409.44,3253029.00,1214735.00,,6279854.67,452043.44,467866.33,44135205.87,292056427.85
Apr-18,107067001.10,,18763925.48,7162505.74,2207676.00,79614761.66,9327960.17,3921361.00,1054304.00,5412680.30,234532175.45,124225.00,2142227.00,1442328.78,8921589.89,198321.71,12475431.30,3592324.32,,1223097.00,637371.00,3249991.26,3515252.00,1350911.00,,6407900.22,601265.26,456465.33,46338701.07,280870876.52
May-18,112710977.98,,18592801.20,7587887.70,2399386.37,89734553.61,9940693.04,3926830.90,1113331.00,5502713.10,251509174.90,121327.00,2649071.67,2095909.04,8574545.59,215115.71,14184797.14,4894479.37,,1679996.00,788438.00,4172784.35,3570588.00,1425664.00,,6805413.96,755107.68,417702.24,52350939.74,303860114.64
Jun-18,109095998.55,,17790974.49,6779001.16,2336630.00,87974390.27,9634105.86,3812686.00,1038320.00,5347467.40,243809573.73,100416.00,2613981.22,2253449.38,7125146.74,185523.89,18535108.53,5175103.64,,1835330.00,1050806.00,4484847.68,3550045.50,1243528.00,,6578735.28,874971.13,416353.65,56023346.65,299832920.37
Jul-18,110328022.57,,21334498.23,6745666.00,2309430.00,97325023.99,9826064.00,4103193.40,1039397.00,5473536.20,258484831.39,84354.00,2053465.00,2043250.00,6790011.00,162358.00,16788375.68,5136435.97,,1249193.33,980020.00,4936869.00,2665573.00,1303493.00,,7050111.67,774231.00,389714.00,52407454.65,310892286.04
Aug-18,108125770.54,,18903128.71,6811929.89,2261310.50,88324996.45,10220451.00,4083322.00,1087288.00,4912385.30,244730582.39,72816.00,2246963.00,1827451.00,7008457.00,118615.00,13659914.00,4866726.67,,1185546.00,1847791.00,4705411.00,2804551.00,1314501.00,,6912594.00,631644.00,237348.00,49440328.67,294170911.06
Sep-18,101065710.37,,17773535.08,6252983.83,2020110.00,74308380.47,9958391.66,3928571.20,1033749.00,4496908.80,220838340.41,63720.00,2214246.00,1628152.00,6873622.67,59422.00,14663437.50,3997928.70,,1052489.00,1003742.00,4306654.00,2281166.00,1232458.00,,6909960.00,570918.00,465180.00,47323095.87,268161436.28
Oct-18,103601433.85,,18346098.72,6111676.83,2097770.50,85317764.45,9827717.55,3956812.40,1077315.00,4617992.57,234954581.86,87051.00,2191986.70,933129.00,7633927.67,84605.00,13021964.98,3841776.30,,1142665.00,1005196.00,3647436.00,2477615.00,1180936.00,,6603118.00,564854.00,551161.00,44967421.65,279922003.51
Nov-18,98625617.05,,19370757.36,5890927.00,2155414.50,77486126.51,9363863.77,3351936.60,1025428.00,4729804.07,221999874.86,70357.00,1554433.00,817525.00,7896529.00,53554.00,12314101.25,3600650.86,,3712458.00,987166.00,3655399.00,2824188.67,949544.00,,6595958.00,503463.00,231892.00,45767218.78,267767093.64
Dec-18,98079817.14,,19328425.13,5488929.00,1985571.00,81488629.06,9710814.02,3416699.80,1067520.00,4286483.53,224852888.69,67604.00,1402823.00,811143.67,8103421.67,5001.00,10702214.31,3667199.00,,3684070.00,900955.00,3405260.00,2978413.33,878646.00,,6729651.00,507837.00,282555.00,44126793.98,268979682.66
Jan-19,97185342.00,,20125101.36,5311462.00,2163658.00,77445219.05,10229190.00,3356379.00,1110742.00,4616840.20,221543933.61,39582.00,1099030.00,1033484.00,9684403.00,,9658606.00,3282719.10,,3519193.00,667112.00,3196458.00,2928592.00,828646.00,,6234234.00,1004787.00,228005.00,43404851.10,264948784.71
Feb-19,87749416.00,,19003907.39,5466696.00,2098047.00,67586158.75,10031980.00,3433336.00,1107438.00,4252297.30,200729276.44,29381.00,843814.00,865324.00,10838103.00,,8342881.00,2188665.00,,1191343.00,577072.00,2660086.00,2917426.00,817653.00,,5831613.00,877134.00,257766.00,38238261.00,238967537.44
Mar-19,101483201.00,,21012871.00,6317378.00,1972740.00,72655985.00,8244336.00,3838176.00,1115035.00,3485789.00,220125511.00,28056.00,814390.00,1283790.00,10823829.00,,7747538.00,2099516.00,,1231394.00,577072.00,2608771.00,3031243.00,1017398.00,,6813108.00,759125.00,363006.00,39198236.00,259323747.00
Apr-19,96799537.00,,19835802.40,6177457.00,2073090.00,65164465.00,8369560.00,3577879.00,1111315.00,3179253.00,206288358.40,32179.00,702937.00,1162162.00,10040750.00,,8814963.00,1850734.00,,1128572.00,275399.00,2401389.00,2699950.90,561732.00,,6529520.00,747163.00,237215.00,37184665.90,243473024.30
May-19,95772799.00,,21288176.00,6182774.00,2435195.00,70171838.00,9519176.00,3352924.00,1175719.00,2713868.00,212612469.00,34486.00,969149.00,1845663.00,9344079.00,,11431887.00,3110452.00,,691357.00,293300.00,3668920.00,3402422.00,1101643.00,,7598362.00,912983.00,237052.00,44641755.00,257254224.00
Jun-19,100463893.00,,20262451.96,5768491.00,2519510.00,66708538.00,9876810.00,3357419.00,1066899.00,4257375.00,214281386.96,33756.00,1437257.00,1364990.00,8516957.00,,11103446.00,4315660.00,,599544.00,397119.00,4667953.00,2677253.00,1004302.00,,6623863.00,919556.00,302002.00,43963658.00,258245044.96
Jul-19,103559165.00,,20856113.00,5118207.00,2498940.00,80061274.00,12164006.00,3655536.00,998106.00,4701210.00,233612557.00,31961.00,1719401.00,1801971.00,8003200.00,,14149954.00,5284787.00,,1215116.00,530718.00,5509158.00,3108818.00,1729945.00,,6484284.18,1283189.00,387671.00,51240173.18,284852730.18
Aug-19,98446653.00,,21477541.00,4967775.00,2427048.00,77615433.00,11792705.00,3751750.00,1086089.00,4642644.00,226207638.00,40005.00,1581076.00,2058008.00,7877967.00,,14458969.00,5232529.00,,1035820.00,478428.00,5278991.00,2915726.00,999264.00,,6258780.00,1199276.00,416363.00,49831202.00,276038840.00
Sep-19,97184661.00,,20980642.00,4506933.00,2571322.00,72227078.00,10549533.00,3427252.00,991403.00,3914351.00,216353175.00,29803.00,2027825.00,1840702.00,7527922.00,,14506682.00,4985985.00,,929921.00,465969.00,5022525.00,2311645.00,774440.00,,6610307.00,1097518.00,332068.00,48463312.00,264816487.00
Oct-19,103930572.00,,21534063.00,4718730.00,2519479.00,75637735.00,10125976.00,3633140.00,1062203.00,4157119.00,227319017.00,61977.00,3194599.00,1910406.00,8174716.00,,14618860.00,4885244.00,,967224.00,534015.00,5295681.00,2484957.00,463354.00,234549.00,7103944.00,902414.00,371403.00,51203343.00,278522360.00
Nov-19,101481702.00,,21279390.00,4639772.00,2204868.00,85660327.00,9974475.00,3155416.00,996983.00,4085115.00,233478048.00,61140.00,2070194.00,1680758.00,7837177.00,,12425092.00,4200572.00,,1032859.00,461029.00,4259929.00,2294624.00,366736.00,229893.00,5494533.00,776972.00,362836.00,43554344.00,277032392.00
Dec-19,99480344.00,,23834247.00,4846983.00,2182227.00,75976148.00,10570873.00,3541630.00,1094950.00,4135352.00,225662754.00,67436.00,1133446.00,1555024.00,8828926.00,,10491927.00,3982546.00,,1206875.00,353604.00,3803656.00,3061287.00,658268.00,254290.00,4815422.00,779476.00,454066.00,41446249.00,267109003.00
Jan-20,107894585.00,,22089143.00,4805264.00,1801789.00,81214159.00,10832413.00,3437852.00,1029855.00,3688944.00,236794004.00,71351.00,1316829.00,1412942.00,9231397.00,,9140728.00,5574958.00,,1231943.00,263007.00,3326087.00,3114589.00,361930.00,227274.00,5577007.00,695185.00,494031.00,42039258.00,278833262.00
Feb-20,101850771.00,,19149301.00,4677870.00,1735651.00,69368763.00,9799598.00,3228584.00,1009117.00,4744585.00,215564240.00,63907.00,1153616.00,1200212.00,8561565.00,,9090485.00,3016644.00,,1059966.00,220973.00,2693465.00,3303059.00,596551.00,233404.00,4983380.00,581016.00,359763.00,37118006.00,252682246.00
Mar-20,107919680.00,,20191771.00,5062088.00,2073756.00,71110349.00,10400002.00,1717949.00,1287539.00,5041646.00,224804780.00,74144.00,976744.00,1135374.00,6840448.00,,8114553.00,2634743.00,,1349255.00,195170.00,2384674.00,3480073.00,379960.00,268079.00,5763584.00,465123.00,441393.00,34503317.00,259308097.00
Apr-20,108264086.00,,21996046.00,5451492.00,2271546.00,77685404.00,11721168.00,3942754.00,1397920.00,6109054.00,238839470.00,74598.00,924577.00,1303776.00,7160103.00,,7460683.00,2449970.00,,1693446.00,163246.00,2517109.00,4357763.00,521780.00,265949.00,6873430.00,276865.00,429522.00,36472817.00,275312287.00
May-20,112151977.00,,23466905.00,5087731.00,2219044.00,81638504.00,12062262.00,3957644.00,1327810.00,3768702.00,245680579.00,79334.00,1407113.00,1698284.00,7968614.00,143235.00,10429935.00,3152580.00,,1496553.00,201009.00,3461106.00,4067424.00,587856.00,290181.00,7380248.00,434387.00,430935.00,43228794.00,288909373.00
Jun-20,107366084.00,,21681775.00,4786037.00,2053286.00,78905439.00,12227274.00,3826691.00,1281546.00,5070259.00,237198391.00,75524.00,1399335.00,2023139.00,7773489.00,90618.00,11442922.00,4155612.00,,1409368.00,352988.00,4465975.00,4025720.00,622977.00,277537.00,6591977.00,565104.00,435054.00,45707339.00,282905730.00
Jul-20,113592300.00,,21641719.00,5502642.00,1920176.00,82959854.00,12213341.00,3905489.00,1344981.00,4964831.00,248045333.00,70145.00,2115741.00,2593030.00,7112252.00,110105.00,12941073.00,4712746.00,,1391633.00,445382.00,5582565.00,3578670.00,592602.00,284225.00,7175481.00,948997.00,454461.00,50109108.00,298154441.00
Aug-20,116553687.00,,21683332.00,5305826.00,1848398.00,77970725.00,12268604.00,3999791.00,1359016.00,5122570.00,246111949.00,61439.00,2568909.00,2836296.00,7823659.00,72225.00,12447315.00,4424923.00,,999893.00,461501.00,5287721.00,3707902.00,584754.00,280324.00,7171247.00,685208.00,414391.00,49827707.00,295939656.00
Sep-20,112034214.00,,19448470.00,5137127.00,1837707.00,78512942.00,11774538.00,3742598.00,1272237.00,4873801.00,238633634.00,55268.00,2478241.00,2524064.00,6714910.00,76779.00,12184756.00,3922346.00,,1103781.00,480528.00,5620409.00,3615309.00,585703.00,256590.00,7200831.00,728753.00,431332.00,47979600.00,286613234.00
Oct-20,112435592.00,,19711611.00,5617749.00,1864403.00,80023528.00,11615745.00,3772430.00,1272042.00,4120738.00,240433838.00,56711.00,2573570.00,2403038.00,6913061.00,10995.00,11260052.00,3803389.00,,1074854.00,477456.00,5050553.00,3775777.00,531726.00,232335.00,6954787.00,663759.00,424855.00,46206918.00,286640756.00
Nov-20,105733585.00,,19276511.00,4839658.00,1711263.00,73538316.00,10561314.00,3574324.00,1212140.00,4680620.00,225127731.00,53028.00,2099580.00,1971955.00,6918399.00,,9963003.00,3655646.00,,1112789.00,412208.00,4192509.00,3946229.00,435257.00,242782.00,6345416.00,570511.00,387525.00,42306837.00,267434568.00
Dec-20,99404905.00,,19094490.00,5297647.00,1586574.00,87355169.00,10776888.00,3619733.00,1280028.00,4586144.00,233001578.00,58542.00,1717592.00,1175778.00,6691273.00,,9946650.00,3667926.00,,1110619.00,372303.00,3933100.00,4138621.00,556798.00,240725.00,6515133.00,1218832.00,400319.00,41744211.00,274745789.00
Jan-21,110753619.00,,20878663.00,4903022.00,1738565.00,83145887.00,11407526.00,3078061.00,1305832.00,5068029.00,242279204.00,62766.00,1513030.00,1503003.00,6232175.00,,9892536.00,3559090.00,,1226364.00,296658.00,3319325.00,4585133.00,499229.00,249549.00,6608184.00,466326.00,392621.00,40405989.00,282685193.00
Feb-21,102031436.00,,19055733.00,4921054.00,1734906.00,70959882.00,10597287.00,3252036.00,1249806.00,4713525.00,218515665.00,65615.00,1224673.00,1656145.00,7054475.00,,7482708.00,3293787.00,,1161701.00,245348.00,2729720.00,4104448.00,481560.00,228451.00,6286746.00,388722.00,354401.00,36758500.00,255274165.00
Mar-21,101742580.00,,20119204.00,5373736.00,1983663.00,76924070.00,12350941.00,3474887.00,1604331.00,3511498.00,227084910.00,74855.00,2806434.00,1529848.00,7494729.00,189117.00,7581041.00,3002800.00,91748.00,866624.00,270673.00,2947562.00,4598241.00,458495.00,238468.00,7860607.00,495681.00,418258.00,40925181.00,268010091.00
Apr-21,101580183.20,,19645341.00,5318764.00,1973680.00,67891446.00,11430702.00,3225537.00,1510652.00,3328324.00,215904629.20,50064.00,1714249.00,1686147.00,7331504.00,184518.00,8386154.80,3777918.90,91656.00,788118.00,271266.00,3176620.00,4433132.00,349970.00,223831.00,8261115.00,549589.00,413356.00,41689208.70,257593837.90
May-21,102110255.00,,17419218.00,4550783.00,280179.00,69446377.48,3216955.00,2360323.00,575016.00,1913334.00,201872440.48,34732.00,2335819.00,2310810.00,3266319.00,183307.00,9152946.00,5208804.00,46841.00,796142.00,419750.00,4338484.00,2926463.00,98137.00,,5978607.00,719107.00,262523.00,38078791.00,239951231.48
Jun-21,97980021.00,,20029218.00,5027639.00,1414332.00,68513855.00,11013904.00,2731439.00,1093265.00,2603912.00,210407585.00,43808.00,2485431.00,2888073.00,6955911.00,169524.00,12056150.00,5132656.00,85038.00,863330.00,535336.00,4698384.00,3277928.00,314373.00,113744.00,8281933.00,886657.00,128523.00,48916799.00,259324384.00
Jul-21,98391942.00,,20393834.00,5130270.00,1552653.00,72572986.00,12454277.00,2820165.00,1099619.00,3128475.00,217544221.00,42697.00,2962158.00,2518513.00,5905657.00,162815.00,12645020.00,4789145.00,85978.00,925820.00,680739.00,4760053.00,3186244.00,409013.00,165344.00,6784781.00,728967.00,309261.00,47062205.00,264606426.00
Aug-21,96118065.00,,24242797.00,5144094.00,1487945.00,71598291.00,12537219.00,2918251.00,1165661.00,3212133.00,218424456.00,44400.00,2750673.00,2629600.00,6079428.00,145829.00,12205890.00,4132936.00,83528.00,919533.00,745301.00,4847791.00,2908682.00,294952.00,105759.00,7209013.00,563931.00,284241.00,45951487.00,264375943.00
Sep-21,89395209.00,,19992136.00,4834915.00,1233391.00,70525560.00,11646770.00,2759967.00,949147.00,2992168.00,204329263.00,46046.00,2141092.00,2068235.00,4425494.00,135954.00,10917254.00,3863981.00,84775.00,858610.00,713079.00,4238504.00,2640301.00,146588.00,200799.00,6592278.00,477769.00,258852.00,39809611.00,244138874.00
Oct-21,91639825.00,,19101298.00,5060190.00,1511233.00,71932845.00,12994428.00,2762388.00,930463.00,2365366.00,208298036.00,40914.00,2341614.00,2057966.00,5423486.00,133724.00,10111914.00,2227734.00,84351.00,904828.00,662899.00,4060089.00,2629058.00,151732.00,155338.00,5736350.00,474871.00,246652.00,37443520.00,245741556.00
Nov-21,87821732.00,,23183360.00,4525759.00,1443816.00,75726879.30,13510730.00,2494270.00,1074707.00,3087513.67,212868766.96,56890.00,1981164.00,1665793.00,9446809.00,212316.00,9215236.00,4112100.00,73256.00,997929.00,452977.00,3928440.00,3647681.50,531316.00,133098.00,6070612.00,712823.00,379131.00,43617571.50,256486338.46
Dec-21,97486922.00,,23989026.00,4692521.00,1348442.00,80137896.00,13566298.00,2476303.00,1126647.00,4317766.00,229141821.00,53662.00,1920801.00,1730074.00,9915824.00,222357.00,9166377.00,4074084.00,86640.00,1215101.00,349951.00,3364078.00,4113331.00,959860.00,139955.00,6987728.00,461838.00,462468.00,45224129.00,274365950.00
Jan-22,102976613.49,,22514192.33,4742846.85,1705490.00,75751948.00,12965566.16,2499406.00,1154918.00,4059999.66,228370980.49,94311.00,1956817.00,1730446.00,10169549.73,69318.00,8990902.00,4220806.50,83873.00,380742.00,326470.00,3402313.00,3850468.00,990102.00,141530.00,7267614.00,926426.00,503693.00,45105381.23,273476361.72
Feb-22,92284194.00,,21146222.00,4742380.00,1351963.00,67865077.00,12649591.00,2363535.00,867281.00,3926838.00,207197081.00,70529.00,1957841.00,1443331.00,10358723.00,66602.00,6715049.99,3815064.00,75765.00,870891.00,256646.00,2728165.00,3946430.00,767372.00,129908.00,6851572.02,811293.00,550050.00,41415232.01,248612313.01
Mar-22,106338956.00,,25392375.50,6496520.00,1457884.00,74109649.00,13511625.00,2598591.00,983112.00,4866880.00,235755592.50,78710.00,2791370.00,1833865.00,12421547.00,73607.00,9022129.00,4325238.00,83561.00,722585.00,295583.00,3192696.00,4272569.00,1170211.00,149330.00,6833886.73,717725.00,411293.75,48395906.48,284151498.98
Apr-22,104890623.00,,25478523.00,5097932.00,1385990.00,79209712.00,12163659.00,2496450.00,1453748.00,4284765.00,236461402.00,97777.00,3621940.00,2788355.00,11727534.05,138776.00,9370252.00,4794218.50,83351.00,378448.00,317276.00,4295901.00,4329861.00,1079478.00,117247.00,7061079.32,974568.00,557119.00,51733180.87,288194582.87
May-22,109868106.00,,27084754.50,4928809.00,1404549.00,81292788.70,13018282.00,2721206.00,946301.00,4655885.00,245920681.20,121624.00,4661822.00,2286041.00,11804934.00,152626.00,11826646.50,5759826.00,102291.00,730029.00,550810.00,5090796.00,4354110.00,1036995.00,115989.00,7756917.00,1051351.00,604739.00,58007546.50,303928227.70
Jun-22,103031713.50,,26732283.20,4608725.00,1329460.00,78676238.00,12963081.50,2564163.00,918054.00,4378073.00,235201791.20,120785.00,4664327.00,2088419.00,11056976.67,146470.00,12386018.00,6357543.00,90878.00,1045168.00,591805.00,5447409.00,4234960.00,1246145.00,112158.00,7444537.27,1001276.00,627770.00,58662644.94,293864436.14
Jul-22,104264866.00,,26900154.83,4351792.50,1350723.00,77648848.33,12954243.83,2723396.00,872970.00,4451192.00,235518186.50,120594.00,4587861.00,1986517.00,10103847.33,126397.00,12456926.00,5614221.00,88623.00,1025372.00,677100.00,5262961.00,3784702.00,1280253.00,125213.00,7679396.36,1133421.00,605855.67,56659260.36,292177446.86
Aug-22,102570412.00,,26598851.67,4706546.00,1346026.00,81049942.00,12298093.00,2758258.00,857469.00,4522037.00,236707634.67,108355.00,3782324.00,1967756.00,15958593.67,117978.00,12217056.00,4475628.78,79949.00,935219.33,666427.00,4950113.33,3558916.67,1306973.00,110426.00,7574782.72,1042283.00,608568.00,59461349.50,296168984.16
Sep-22,96702896.33,,25478916.83,4186606.00,1151862.00,77275944.33,12358169.00,2751714.00,813805.00,4885192.50,225605106.00,103004.45,3433438.00,1726758.00,11114220.00,117461.00,11317438.15,3877259.04,75238.00,986434.00,603056.00,4273875.00,3492060.89,1137276.00,98014.00,6856792.50,910602.00,568032.00,50690959.03,276296065.03
Oct-22,97725839.78,,25922757.42,4314758.00,1140633.00,80060281.30,12673042.33,2475246.00,833578.00,4161727.50,229307863.33,88184.70,2787664.33,1442046.00,11815878.50,121517.00,10126264.00,4013775.00,80250.00,1067815.00,549253.00,3595529.00,3767401.35,989853.00,109957.00,6383539.50,793788.33,621741.00,48354456.72,277662320.05
Nov-22,91232895.94,,25341851.42,4204889.83,1083675.00,78292153.49,12058830.10,2356602.87,753786.67,3981059.74,219305745.06,78701.60,1962327.33,1075046.00,12089887.33,118777.00,8553991.33,3891576.00,79253.00,1043329.00,434919.00,2591340.00,3679731.50,1116724.00,108182.00,5999162.01,687860.67,566039.67,44076847.45,263382592.50
Dec-22,94521073.44,,25709556.45,3996153.67,1033580.00,77431924.89,13691518.28,2643476.00,702579.00,3663512.00,223393373.72,79630.25,1928171.00,1046228.00,14649501.77,64548.00,9402628.94,3929492.68,83499.00,925554.00,377947.00,2787761.67,3919132.67,1042140.11,117520.00,6647046.83,837645.33,549081.00,48387528.25,271780901.97
Jan-23,92825501.00,,18916755.83,3467485.00,1348554.00,68014453.67,10690318.28,2747172.00,505343.00,3633416.00,202148998.78,71492.60,754459.00,1046706.00,14114382.67,86922.00,8382301.11,3514584.33,72710.00,410464.00,293541.00,2223655.00,3997461.67,397933.22,108532.00,3521634.91,841556.00,273571.00,40111906.51,242260905.29
Feb-23,87620851.00,,18742790.38,3802494.00,1184001.67,64456578.81,10358726.00,2681413.00,1117840.00,4101059.00,194065753.86,67269.33,601626.00,1041889.00,12899270.70,123846.67,7379111.00,3065536.00,157958.00,380364.00,248344.00,2233409.67,3852673.00,919027.00,103380.00,5371839.78,785020.00,363709.00,39594273.14,233660027.00
Mar-23,100169843.98,,25226415.80,3307858.00,1341225.00,79319774.00,12226180.09,3043233.00,731816.00,4269576.00,229635921.87,83325.70,1870948.00,1249884.00,14838153.00,144575.00,8871062.00,3493511.00,,1338894.00,348062.00,2759457.00,4578092.00,1052516.50,143087.00,6568208.00,679904.00,553393.50,48573072.70,278208994.57
Apr-23,99782405.00,,26167666.00,6031481.00,1141940.00,73849347.00,11099043.00,1428990.00,1256124.00,5135803.00,225892799.00,123030.00,904679.00,1424780.00,14057929.00,144168.00,10247950.00,3362112.67,99985.00,1161333.00,460676.00,3709254.00,4605369.00,773984.00,151992.00,6525296.00,635064.00,432899.00,48820500.67,274713299.67
May-23,108412542.00,5609099.00,24382435.00,3851481.00,1160004.00,75592159.00,12192073.00,1067624.00,1156558.00,4183327.00,237607302.00,82354.00,488893.00,644134.00,12768235.00,183651.00,12295655.00,3724130.00,,1943367.00,669045.00,1958012.00,5286284.00,1143308.00,157680.00,7151866.00,465706.00,422694.00,49385014.00,286992316.00
Jun-23,96804727.00,5263018.00,27042847.00,4391293.00,1097629.00,71227752.00,11723391.00,1294744.00,1299678.00,4767740.00,224912819.00,126946.00,681671.00,1032058.00,12748987.00,168416.00,14301475.00,4567687.00,100693.00,1591806.00,897307.00,2771417.00,5835226.00,1183654.00,151894.00,9359673.00,906849.00,799756.00,57225515.00,282138334.00
Jul-23,104504744.00,5266320.00,27028655.00,4771731.00,1907107.00,75582563.00,12483726.00,1581520.00,1323469.00,5074245.00,239524080.00,130070.00,703764.00,880314.00,13119599.00,161611.00,13884138.00,3839815.00,98567.00,1680301.00,1002109.00,2708066.00,5674693.00,1279081.00,300193.00,8319713.00,1047402.00,831842.00,55661278.00,295185358.00
Aug-23,104669900.00,5265501.00,26558674.00,4784491.00,1156513.00,78244564.00,12127284.00,1266558.00,1351566.00,4933938.00,240358989.00,240494.00,672483.00,962523.00,13141243.00,164312.00,12944121.00,5133891.00,94871.00,1549691.00,1053635.00,2951684.00,5195972.00,1216763.00,326692.00,10070807.00,970748.00,906964.00,57596894.00,297955883.00
Sep-23,99815903.00,4849911.00,24546338.00,4751650.00,2253008.00,74748276.00,11494783.00,1553291.00,1504945.00,4598383.00,230116488.00,254128.00,687796.00,909577.00,12930109.00,168239.00,12535410.00,5402799.00,92556.00,1372079.00,989961.00,2662129.00,4753979.00,594166.00,257675.00,9000240.00,993744.00,826430.00,54431017.00,284547505.00
Oct-23,103139285.00,4926032.00,28741987.00,4589947.00,1120318.00,72802709.00,11736257.00,1605819.00,1592686.00,4634045.00,234889085.00,273629.00,561784.00,904744.00,12182529.00,269256.00,12174837.00,4778863.00,99203.00,1305851.00,1027783.00,2603379.00,5053207.00,558696.00,277949.00,8712739.00,1072367.00,929157.00,52785973.00,287675058.00
Nov-23,106111265.00,1680598.00,26032947.00,4288592.00,1615459.00,71259193.00,11324296.00,1634004.00,1367159.00,3626720.00,228940233.00,258482.00,501056.00,1085459.00,13491694.00,282263.00,10737176.00,5020703.00,177729.00,1396646.00,924274.00,2490810.00,4466831.00,981159.00,242121.00,7643664.00,1102137.00,1248088.00,52050292.00,280990525.00
Dec-23,104343803.00,1707080.00,25361241.00,4284054.00,1736311.00,77452101.00,9079425.00,1908070.00,1643469.00,3698896.00,231214450.00,294845.00,449067.00,959290.00,14263725.00,192190.00,9931321.00,5136592.00,106246.00,1463859.00,758872.00,2256990.00,4628669.00,1077103.00,262848.00,7669052.00,1045909.00,909733.00,51406311.00,282620761.00
